line,reason,first_seen_line,normalized_username,normalized_url,input
168,duplicate,34,shedntcare_,https://x.com/shedntcare_,https://x.com/shedntcare_
175,duplicate,15,iam_chonchol,https://x.com/iam_chonchol,https://x.com/iam_chonchol
189,duplicate,170,Finance_Nerd_,https://x.com/Finance_Nerd_,https://x.com/Finance_Nerd_
204,duplicate,163,WealthHatch_,https://x.com/WealthHatch_,https://x.com/WealthHatch_
233,duplicate,46,AIwithArsalan,https://x.com/AIwithArsalan,https://x.com/AIwithArsalan
242,duplicate,193,salmakhatunn,https://x.com/salmakhatunn,https://x.com/salmakhatunn
299,duplicate,4,sanchoyai,https://x.com/sanchoyai,https://x.com/sanchoyai
301,duplicate,59,AI_GuruX,https://x.com/AI_GuruX,https://x.com/AI_GuruX
329,duplicate,310,AITECHio,https://x.com/AITECHio,https://x.com/AITECHio
333,duplicate,316,BitmapTech,https://x.com/BitmapTech,https://x.com/BitmapTech
334,duplicate,317,tech_queen,https://x.com/tech_queen,https://x.com/tech_queen
337,duplicate,318,techyoutbe,https://x.com/techyoutbe,https://x.com/techyoutbe
342,duplicate,312,TechBroDrip,https://x.com/TechBroDrip,https://x.com/TechBroDrip
344,duplicate,310,AITECHio,https://x.com/AITECHio,https://x.com/AITECHio
346,duplicate,186,HeyNayeem,https://x.com/HeyNayeem,https://x.com/HeyNayeem
350,duplicate,180,Parul_Gautam7,https://x.com/Parul_Gautam7,https://x.com/Parul_Gautam7
352,duplicate,32,socialwithaayan,https://x.com/socialwithaayan,https://x.com/socialwithaayan
353,duplicate,23,Rixhabh__,https://x.com/Rixhabh__,https://x.com/Rixhabh__
355,duplicate,44,manishkumar_dev,https://x.com/manishkumar_dev,https://x.com/manishkumar_dev
362,duplicate,4,sanchoyai,https://x.com/sanchoyai,https://x.com/sanchoyai
363,duplicate,31,MeeraAIIT,https://x.com/MeeraAIIT,https://x.com/MeeraAIIT
365,duplicate,184,AIwithGhotai,https://x.com/AIwithGhotai,https://x.com/AIwithGhotai
366,duplicate,349,wildbarestepf,https://x.com/wildbarestepf,https://x.com/wildbarestepf
367,duplicate,347,marjidofficial,https://x.com/marjidofficial,https://x.com/marjidofficial
368,duplicate,343,TechXWhizAI,https://x.com/TechXWhizAI,https://x.com/TechXWhizAI
369,duplicate,186,HeyNayeem,https://x.com/HeyNayeem,https://x.com/HeyNayeem
370,duplicate,360,PeterHollens,https://x.com/PeterHollens,https://x.com/PeterHollens
371,duplicate,357,Ronycoder,https://x.com/Ronycoder,https://x.com/Ronycoder
373,duplicate,358,heyBarsee,https://x.com/heyBarsee,https://x.com/heyBarsee
379,duplicate,221,JaynitMakwana,https://x.com/JaynitMakwana,https://x.com/JaynitMakwana
380,duplicate,298,details_with_ai,https://x.com/details_with_ai,https://x.com/details_with_ai
381,duplicate,145,Mastering_life_,https://x.com/Mastering_life_,https://x.com/Mastering_life_
394,duplicate,48,Wealth_Pill,https://x.com/Wealth_Pill,https://x.com/Wealth_Pill
395,duplicate,36,TheBetterPath_,https://x.com/TheBetterPath_,https://x.com/TheBetterPath_
396,duplicate,392,Seekwiser_,https://x.com/Seekwiser_,http://x.com/Seekwiser_
397,duplicate,126,Copywriting_Dad,https://x.com/Copywriting_Dad,https://x.com/Copywriting_Dad
400,duplicate,376,masculinepath04,https://x.com/masculinepath04,https://x.com/masculinepath04
401,duplicate,377,MasculineNotes,https://x.com/MasculineNotes,https://x.com/MasculineNotes
403,duplicate,392,Seekwiser_,https://x.com/Seekwiser_,http://x.com/Seekwiser_
404,duplicate,375,DivineManhood,https://x.com/DivineManhood,https://x.com/DivineManhood
405,duplicate,376,masculinepath04,https://x.com/masculinepath04,https://x.com/masculinepath04
406,duplicate,377,MasculineNotes,https://x.com/MasculineNotes,https://x.com/MasculineNotes
407,duplicate,402,thewisementor,https://x.com/thewisementor,https://x.com/thewisementor
408,duplicate,375,DivineManhood,https://x.com/DivineManhood,https://x.com/DivineManhood
409,duplicate,376,masculinepath04,https://x.com/masculinepath04,https://x.com/masculinepath04
410,duplicate,377,MasculineNotes,https://x.com/MasculineNotes,https://x.com/MasculineNotes
411,duplicate,402,thewisementor,https://x.com/thewisementor,https://x.com/thewisementor
412,duplicate,383,MindMatterr,https://x.com/MindMatterr,https://x.com/MindMatterr
413,duplicate,252,BrutalMindset,https://x.com/BrutalMindset,https://x.com/BrutalMindset
416,duplicate,145,Mastering_life_,https://x.com/Mastering_life_,https://x.com/Mastering_life_
429,duplicate,145,Mastering_life_,https://x.com/Mastering_life_,https://x.com/Mastering_life_
430,duplicate,392,SeekWiser_,https://x.com/SeekWiser_,https://x.com/SeekWiser_
431,duplicate,384,Revolt_Man_,https://x.com/Revolt_Man_,https://x.com/Revolt_Man_
432,duplicate,297,ActionableMind,https://x.com/ActionableMind,https://x.com/ActionableMind
433,duplicate,383,MindMatterr,https://x.com/MindMatterr,https://x.com/MindMatterr
434,duplicate,19,Manifest_Lord,https://x.com/Manifest_Lord,https://x.com/Manifest_Lord
435,duplicate,163,WealthHatch_,https://x.com/WealthHatch_,https://x.com/WealthHatch_
436,duplicate,376,masculinepath04,https://x.com/masculinepath04,https://x.com/masculinepath04
437,duplicate,213,thesigmamindset,https://x.com/thesigmamindset,https://x.com/thesigmamindset
438,duplicate,382,powerbeastt,https://x.com/powerbeastt,https://x.com/powerbeastt
439,duplicate,402,thewisementor,https://x.com/thewisementor,https://x.com/thewisementor
441,duplicate,79,wise_chimp,https://x.com/wise_chimp,https://x.com/wise_chimp
442,duplicate,131,Psy_of_Money,https://x.com/Psy_of_Money,https://x.com/Psy_of_Money
443,duplicate,115,PsychologyF_,https://x.com/PsychologyF_,https://x.com/PsychologyF_
444,duplicate,96,Inspire_qu,https://x.com/Inspire_qu,https://x.com/Inspire_qu
445,duplicate,149,Philosophy_Qu,https://x.com/Philosophy_Qu,https://x.com/Philosophy_Qu
446,duplicate,202,Strong_Mindd,https://x.com/Strong_Mindd,https://x.com/Strong_Mindd
447,duplicate,92,Peace_mi_1,https://x.com/Peace_mi_1,https://x.com/Peace_mi_1
448,duplicate,152,Deep_philo,https://x.com/Deep_philo,https://x.com/Deep_philo
452,duplicate,195,WisdomStoics,https://x.com/WisdomStoics,https://x.com/WisdomStoics
453,duplicate,36,TheBetterPath_,https://x.com/TheBetterPath_,https://x.com/TheBetterPath_
454,duplicate,398,Ninja__Wisdom,https://x.com/Ninja__Wisdom,https://x.com/Ninja__Wisdom
455,duplicate,145,Mastering_life_,https://x.com/Mastering_life_,https://x.com/Mastering_life_
456,duplicate,392,SeekWiser_,https://x.com/SeekWiser_,https://x.com/SeekWiser_
459,duplicate,55,MindMatterMoney,https://x.com/MindMatterMoney,https://x.com/MindMatterMoney
460,duplicate,195,WisdomStoics,https://x.com/WisdomStoics,https://x.com/WisdomStoics
461,duplicate,451,Psychology_Call,https://x.com/Psychology_Call,https://x.com/Psychology_Call
462,duplicate,450,Art0fWork,https://x.com/Art0fWork,https://x.com/Art0fWork
463,duplicate,126,Copywriting_Dad,https://x.com/Copywriting_Dad,https://x.com/Copywriting_Dad
464,duplicate,48,Wealth_Pill,https://x.com/Wealth_Pill,https://x.com/Wealth_Pill
465,duplicate,174,EntrepBuilder_,https://x.com/EntrepBuilder_,https://x.com/EntrepBuilder_
466,duplicate,386,busines_corner,https://x.com/busines_corner,https://x.com/busines_corner
467,duplicate,390,PreneursCircle,https://x.com/PreneursCircle,https://x.com/PreneursCircle
468,duplicate,60,growthhub_,https://x.com/growthhub_,https://x.com/growthhub_
469,duplicate,387,AlexThinkBright,https://x.com/AlexThinkBright,https://x.com/AlexThinkBright
470,duplicate,389,XBuildersSpace,https://x.com/XBuildersSpace,https://x.com/XBuildersSpace
471,duplicate,88,Founder_Mode_,https://x.com/Founder_Mode_,https://x.com/Founder_Mode_
472,duplicate,158,BusinessNerd_,https://x.com/BusinessNerd_,https://x.com/BusinessNerd_
473,duplicate,145,Mastering_life_,https://x.com/Mastering_life_,https://x.com/Mastering_life_
474,duplicate,382,powerbeastt,https://x.com/powerbeastt,https://x.com/powerbeastt
475,duplicate,383,MindMatterr,https://x.com/MindMatterr,https://x.com/MindMatterr
476,duplicate,297,ActionableMind,https://x.com/ActionableMind,https://x.com/ActionableMind
477,duplicate,392,Seekwiser_,https://x.com/Seekwiser_,http://x.com/Seekwiser_
515,duplicate,126,Copywriting_Dad,https://x.com/Copywriting_Dad,https://x.com/Copywriting_Dad
516,duplicate,48,Wealth_Pill,https://x.com/Wealth_Pill,https://x.com/Wealth_Pill
517,duplicate,60,growthhub_,https://x.com/growthhub_,https://x.com/growthhub_
518,duplicate,383,MindMatterr,https://x.com/MindMatterr,https://x.com/MindMatterr
